Rk,Player,Class,Season,Pos,School,Conf,G,MP,FG,FGA,2P,2PA,3P,3PA,FT,FTA,ORB,DRB,TRB,AST,STL,BLK,TOV,PF,PTS
1,Marcus Keene\marcus-keene-1,JR,2016-17,G,Central Michigan,MAC,32,1179,313,700,188,360,125,340,208,254,22,121,143,156,26,0,145,63,959
2,Doug McDermott\doug-mcdermott-1,SR,2013-14,F,Creighton,Big East,35,1181,330,627,234,413,96,214,178,206,57,187,244,55,8,5,62,67,934
3,Buddy Hield\buddy-hield-1,SR,2015-16,G,Oklahoma,Big 12,37,1309,301,601,154,279,147,322,176,200,46,166,212,75,42,18,113,76,925
4,Chris Clemons\chris-clemons-2,SO,2016-17,G,Campbell,Big South,36,1205,301,674,183,341,118,333,184,223,18,149,167,92,70,18,100,69,904
5,Jordan Howard\jordan-howard-2,SR,2017-18,G,Central Arkansas,Southland,35,1259,280,613,167,326,113,287,207,233,10,115,125,93,36,0,80,41,880
6,Mike Daum\mike-daum-1,SO,2016-17,F,South Dakota State,Summit,35,1143,274,533,195,344,79,189,251,289,76,209,285,49,20,15,98,87,878
7,Trae Young\trae-young-1,FR,2017-18,G,Oklahoma,Big 12,32,1133,261,618,143,290,118,328,236,274,14,111,125,279,54,8,167,57,876
8,T.J. Warren\tj-warren-1,SO,2013-14,F,North Carolina State,ACC,35,1238,342,652,311,536,31,116,156,226,113,137,250,40,63,21,83,97,871
9,Andre Spight\andre-spight-1,SR,2017-18,G,Northern Colorado,Big Sky,38,1285,293,661,165,341,128,320,141,180,20,128,148,139,44,10,112,73,855
10,Kay Felder\kahlil-felder-1,JR,2015-16,G,Oakland,Horizon,35,1286,269,612,193,398,76,214,239,282,26,123,149,324,69,7,120,104,853
11,Antoine Mason\antoine-mason-1,JR,2013-14,G,Niagara,MAAC,33,1242,269,612,221,444,48,168,260,357,32,86,118,51,40,5,91,95,846
12,Trey Freeman\trey-freeman-2,SR,2015-16,G,Old Dominion,CUSA,38,1333,323,753,272,607,51,146,141,170,21,139,160,115,39,4,48,68,838
13,Mike Daum\mike-daum-1,JR,2017-18,F,South Dakota State,Summit,35,1090,273,591,177,365,96,226,194,228,64,295,359,45,17,26,72,84,836
14,Billy Baron\billy-baron-1,SR,2013-14,G,Canisius,MAAC,34,1325,247,532,140,278,107,254,220,249,17,149,166,180,56,1,101,38,821
15,Jon Elmore\jon-elmore-1,JR,2017-18,G,Marshall,CUSA,36,1380,243,554,145,279,98,275,232,281,16,194,210,244,58,13,132,56,816
16,James Daniel\james-daniel-1,JR,2015-16,G,Howard,MEAC,30,1115,226,582,146,341,80,241,280,331,22,44,66,84,59,7,123,62,812
17,Dallas Moore\dallas-moore-1,SR,2016-17,G,North Florida,A-Sun,34,1192,299,613,199,362,100,251,114,138,26,81,107,135,39,3,82,39,812
18,RJ Cole\rj-cole-1,FR,2017-18,G,Howard,MEAC,33,1252,241,612,132,308,109,304,191,248,27,103,130,200,57,0,127,87,782
19,Randy Onwuasor\randy-onwuasor-1,JR,2016-17,G,Southern Utah,Big Sky,33,1155,253,619,194,426,59,193,215,260,52,165,217,107,50,14,113,104,780
20,Grayson Allen\grayson-allen-1,SO,2015-16,G,Duke,ACC,36,1317,239,513,149,297,90,216,211,252,24,141,165,127,47,5,72,98,779
21,Kendrick Nunn\kendrick-nunn-1,SR,2017-18,G,Oakland,Horizon,30,1136,262,602,128,262,134,340,119,142,27,115,142,113,45,11,88,67,777
22,Anthony Barber\anthony-cat-barber-1,JR,2015-16,G,North Carolina State,ACC,33,1278,248,572,205,453,43,119,237,274,21,130,151,147,21,2,85,71,776
23,Tyler Haws\tyler-haws-1,SR,2014-15,G,Brigham Young,WCC,35,1125,258,538,204,391,54,147,206,236,46,110,156,83,33,9,69,48,776
24,Chris Clemons\chris-clemons-2,JR,2017-18,G,Campbell,Big South,31,1055,233,515,138,259,95,256,211,245,10,132,142,95,49,10,83,58,772
25,Tyler Haws\tyler-haws-1,JR,2013-14,G,Brigham Young,WCC,33,1143,252,544,212,445,40,99,223,253,33,93,126,49,34,9,63,75,767
26,Rashawn Thomas\rashawn-thomas-1,SR,2016-17,F,Texas A&M-Corpus Christi,Southland,34,1145,268,511,254,474,14,37,215,298,78,227,305,92,53,69,126,118,765
27,Bryce Cotton\bryce-cotton-1,SR,2013-14,G,Providence,Big East,35,1398,230,549,153,339,77,210,226,265,19,105,124,205,35,3,85,51,763
28,Jock Landale\jock-landale-1,JR,2017-18,C,Saint Mary's (CA),WCC,36,1200,301,470,298,460,3,10,156,209,106,260,366,72,14,36,84,109,761
29,Jalen Brunson\jalen-brunson-1,JR,2017-18,G,Villanova,Big East,40,1272,270,518,184,307,86,211,130,162,12,110,122,184,37,1,71,78,756
30,Justin Wright-Foreman\justin-wright-foreman-1,JR,2017-18,G,Hofstra,CAA,31,1171,264,588,168,326,96,262,131,164,10,93,103,100,25,7,69,62,755
31,Malik Monk\malik-monk-1,FR,2016-17,G,Kentucky,SEC,38,1218,251,558,147,296,104,262,148,180,12,83,95,87,36,19,75,72,754
32,Frank Mason\frank-mason-1,SR,2016-17,G,Kansas,Big 12,36,1301,241,492,159,318,82,174,189,238,22,128,150,187,47,2,86,73,753
33,D.J. Balentine\dj-balentine-1,SO,2013-14,G,Evansville,MVC,33,1252,229,528,151,332,78,196,216,255,16,72,88,139,19,4,84,56,752
34,Fletcher Magee\fletcher-magee-1,JR,2017-18,G,Wofford,Southern,34,1143,253,523,105,186,148,337,97,107,9,91,100,58,31,3,57,62,751
35,Bryson Scott\bryson-scott-1,SR,2017-18,G,Purdue-Fort Wayne,Summit,33,1026,247,541,197,372,50,169,202,247,20,128,148,86,65,5,91,65,746
36,Joe Young\joseph-young-1,SR,2014-15,G,Oregon,Pac-12,36,1322,265,592,174,337,91,255,124,134,19,141,160,135,41,1,87,51,745
37,Kelan Martin\kelan-martin-1,SR,2017-18,F,Butler,Big East,35,1249,259,580,164,319,95,261,130,154,33,186,219,70,26,16,84,67,743
38,D'Marcus Simonds\dmarcus-simonds-1,SO,2017-18,G,Georgia State,Sun Belt,35,1223,277,601,235,457,42,144,146,208,46,155,201,153,60,24,127,100,742
39,Roosevelt Smart\roosevelt-smart-1,SO,2017-18,G,North Texas,CUSA,38,1274,221,557,88,205,133,352,167,188,17,141,158,35,23,10,65,86,742
40,Bogdan Bliznyuk\bogdan-bliznyuk-1,SR,2017-18,G,Eastern Washington,Big Sky,35,1228,265,502,220,389,45,113,166,184,33,205,238,137,29,10,119,83,741
41,Josh Adams\josh-adams-1,SR,2015-16,G,Wyoming,MWC,31,1125,217,492,121,238,96,254,210,254,18,155,173,134,44,18,115,86,740
42,Tyler Hall\tyler-hall-2,SO,2016-17,G,Montana State,Big Sky,32,1101,240,504,120,224,120,280,139,166,17,155,172,90,34,12,65,78,739
43,Ben Bentil\ben-bentil-1,SO,2015-16,F,Providence,Big East,35,1198,246,533,194,375,52,158,194,248,94,174,268,40,30,36,67,97,738
44,Tyler Harvey\tyler-harvey-1,JR,2014-15,G,Eastern Washington,Big Sky,32,1182,230,490,102,193,128,297,150,176,20,96,116,82,36,4,64,60,738
45,Aaric Murray\aaric-murray-1,SR,2013-14,C,Texas Southern,SWAC,34,1088,241,491,210,399,31,92,223,301,74,181,255,41,29,86,89,88,736
46,Kyle Wiltjer\kyle-wiltjer-1,SR,2015-16,F,Gonzaga,WCC,36,1209,260,529,170,323,90,206,126,147,61,167,228,53,13,29,74,66,736
47,Frank Kaminsky\frank-kaminsky-1,SR,2014-15,C,Wisconsin,Big Ten,39,1311,267,488,225,387,42,101,156,200,58,262,320,103,33,57,63,65,732
48,Tyler Nelson\tyler-nelson-1,SR,2017-18,G,Fairfield,MAAC,33,1205,230,547,126,252,104,295,168,191,18,120,138,110,45,3,82,55,732
49,Justin Jackson\justin-jackson-4,JR,2016-17,F,North Carolina,ACC,40,1281,264,596,159,312,105,284,98,131,58,128,186,113,31,9,69,55,731
50,Stefan Moody\stefan-moody-1,SR,2015-16,G,Mississippi,SEC,31,1072,208,509,105,237,103,272,212,256,31,69,100,133,46,3,118,75,731
51,Jack Gibbs\jack-gibbs-1,JR,2015-16,G,Davidson,A-10,31,1099,244,565,162,320,82,245,158,188,28,100,128,152,56,2,100,59,728
52,Brice Johnson\brice-johnson-1,SR,2015-16,F,North Carolina,ACC,40,1121,287,465,287,465,0,0,154,194,115,301,416,58,43,59,70,106,728
53,Tony Carr\tony-carr-1,SO,2017-18,G,Penn State,Big Ten,37,1308,245,600,157,397,88,203,147,184,33,150,183,186,30,11,85,68,725
54,Marvelle Harris\marvelle-harris-2,SR,2015-16,G,Fresno State,MWC,35,1284,240,589,174,386,66,203,179,238,19,144,163,156,76,21,77,102,725
55,Jerome Robinson\jerome-robinson-2,JR,2017-18,G,Boston College,ACC,35,1260,249,513,168,315,81,198,146,176,17,109,126,116,30,5,96,88,725
56,Chasson Randle\chasson-randle-1,SR,2014-15,G,Stanford,Pac-12,37,1347,217,539,127,291,90,248,200,228,11,112,123,112,50,5,75,82,724
57,D.J. Balentine\dj-balentine-1,JR,2014-15,G,Evansville,MVC,36,1318,245,563,171,374,74,189,159,212,18,96,114,116,29,7,78,35,723
58,Jonathan Stark\jonathan-stark-1,JR,2016-17,G,Murray State,OVC,33,1207,249,568,141,314,108,254,117,141,9,119,128,172,43,1,95,75,723
59,Luke Kennard\luke-kennard-1,SO,2016-17,G,Duke,ACC,37,1314,237,485,149,284,88,201,160,187,43,145,188,91,31,13,59,83,722
60,Jamal Murray\jamal-murray-1,FR,2015-16,G,Kentucky,SEC,36,1267,244,538,131,261,113,277,119,152,53,133,186,79,35,11,84,75,720
61,Shabazz Napier\shabazz-napier-1,SR,2013-14,G,Connecticut,AAC,40,1404,213,496,126,281,87,215,207,238,38,196,234,195,73,13,114,84,720
62,Jeremy Senglin\jeremy-senglin-1,SR,2016-17,G,Weber State,Big Sky,34,1198,233,490,101,195,132,295,121,158,6,125,131,96,38,1,81,73,719
63,Joel Hernandez\joel-hernandez-1,JR,2017-18,G,Long Island University,NEC,35,1152,256,555,198,400,58,155,148,223,65,138,203,90,19,17,104,90,718
64,Georges Niang\georges-niang-1,SR,2015-16,F,Iowa State,Big 12,35,1162,283,518,227,375,56,143,96,119,46,172,218,117,31,22,92,111,718
65,Andrew Rowsey\andrew-rowsey-1,SR,2017-18,G,Marquette,Big East,35,1143,208,495,83,194,125,301,175,194,14,91,105,169,32,7,99,83,716
66,Zach Thomas\zach-thomas-1,SR,2017-18,F,Bucknell,Patriot,35,1113,206,446,143,281,63,165,241,310,45,272,317,74,35,24,103,71,716
67,Keon Johnson\keon-johnson-1,SR,2016-17,G,Winthrop,Big South,32,1124,221,511,119,256,102,255,171,197,14,113,127,83,22,0,74,60,715
68,Garrison Mathews\garrison-matthews-1,JR,2017-18,G,Lipscomb,A-Sun,33,1003,213,458,123,222,90,236,199,249,41,139,180,58,32,9,71,83,715
69,Andrew Andrews\andrew-andrews-1,SR,2015-16,G,Washington,Pac-12,34,1150,181,461,104,269,77,192,273,321,50,145,195,165,47,1,95,96,712
70,Tyus Battle\tyus-battle-1,SO,2017-18,G,Syracuse,ACC,37,1443,234,586,157,347,77,239,167,199,17,91,108,76,54,7,87,74,712
71,Patrick Miller\patrick-miller-2,JR,2013-14,G,Tennessee State,OVC,30,1132,230,514,186,383,44,131,208,268,45,89,134,123,49,5,100,88,712
72,Cameron Morse\cameron-morse-1,JR,2016-17,G,Youngstown State,Horizon,31,1123,260,627,184,389,76,238,115,156,16,84,100,96,32,3,66,44,711
73,Zeek Woodley\zikiteran-woodley-1,SO,2014-15,G,Northwestern State,Southland,32,1009,262,468,223,370,39,98,148,182,55,105,160,34,33,22,38,73,711
74,Karvel Anderson\karvel-anderson-1,SR,2013-14,G,Robert Morris,NEC,36,1100,248,486,129,229,119,257,95,113,27,93,120,50,48,8,44,72,710
75,Ty Greene\ty-greene-1,SR,2014-15,G,South Carolina Upstate,A-Sun,35,1191,232,522,129,269,103,253,142,189,30,78,108,74,74,7,45,56,709
76,Jeremy Ingram\jeremy-ingram-2,SR,2013-14,G,North Carolina Central,MEAC,34,1170,212,483,144,299,68,184,216,280,33,97,130,41,54,22,70,90,708
77,Cameron Payne\cameron-payne-1,SO,2014-15,G,Murray State,OVC,35,1127,245,537,161,314,84,223,133,169,21,108,129,209,68,17,87,72,707
78,Mikal Bridges\mikal-bridges-1,JR,2017-18,G,Villanova,Big East,40,1285,244,475,140,236,104,239,114,134,54,158,212,77,61,43,54,86,706
79,Deandre Ayton\deandre-ayton-1,FR,2017-18,F,Arizona,Pac-12,35,1172,276,451,264,416,12,35,140,191,118,287,405,57,20,66,69,81,704
80,D.J. Covington\dj-covington-1,SR,2013-14,F,Virginia Military Institute,Big South,35,1040,268,452,268,450,0,2,168,241,94,232,326,29,34,106,74,108,704
81,D.J. Newbill\dj-newbill-1,SR,2014-15,G,Penn State,Big Ten,34,1261,243,540,182,375,61,165,157,207,37,123,160,105,44,7,90,73,704
82,Shawn Glover\shawn-glover-1,SR,2013-14,F,Oral Roberts,Southland,33,1151,273,547,248,495,25,52,132,159,42,150,192,49,28,53,72,67,703
83,Junior Robinson\lamont-robinson-1,SR,2017-18,G,Mount St. Mary's,NEC,32,1162,228,511,150,310,78,201,169,188,19,73,92,154,37,1,89,87,703
84,C.J. Burks\cj-burks-1,JR,2017-18,G,Marshall,CUSA,35,1256,260,551,174,315,86,236,96,108,18,126,144,107,36,4,108,74,702
85,Peyton Aldridge\peyton-aldridge-1,SR,2017-18,F,Davidson,A-10,33,1245,252,526,175,324,77,202,120,141,46,205,251,82,13,20,40,51,701
86,Bogdan Bliznyuk\bogdan-bliznyuk-1,JR,2016-17,F,Eastern Washington,Big Sky,34,1251,251,529,213,409,38,120,161,196,36,186,222,136,36,7,104,92,701
87,Sean Kilpatrick\sean-kilpatrick-1,SR,2013-14,G,Cincinnati,AAC,34,1149,214,506,121,239,93,267,180,213,36,110,146,86,48,1,70,46,701
88,D.J. Balentine\dj-balentine-1,SR,2015-16,G,Evansville,MVC,34,1253,240,543,182,372,58,171,160,204,26,87,113,148,24,9,92,58,698
89,Jabari Brown\jabari-brown-1,JR,2013-14,G,Missouri,SEC,35,1295,203,435,123,240,80,195,212,266,17,138,155,67,22,5,82,57,698
90,Marvin Bagley III\marvin-bagleyiii-1,FR,2017-18,F,Duke,ACC,33,1118,270,440,247,382,23,58,131,209,132,234,366,50,27,29,75,60,694
91,Cameron Bairstow\cameron-bairstow-1,SR,2013-14,F,New Mexico,MWC,34,1119,237,426,236,423,1,3,219,298,76,175,251,53,19,51,68,72,694
92,Cane Broome\cane-broome-1,SO,2015-16,G,Sacred Heart,NEC,30,1126,236,530,170,318,66,212,156,203,17,131,148,88,51,0,115,71,694
93,Elijah Brown\elijah-brown-1,SO,2015-16,G,New Mexico,MWC,32,1077,194,453,105,227,89,226,217,255,22,154,176,101,35,2,108,64,694
94,Markus Howard\markus-howard-1,SO,2017-18,G,Marquette,Big East,34,1071,239,515,128,240,111,275,105,112,13,95,108,94,33,2,85,85,694
95,Nick King\nick-king-1,SR,2017-18,F,Middle Tennessee,CUSA,33,1086,259,523,217,415,42,108,134,183,78,200,278,65,23,7,94,50,694
96,Jacob Wiley\jacob-wiley-1,SR,2016-17,F,Eastern Washington,Big Sky,34,1165,265,412,260,405,5,7,159,192,95,214,309,80,26,94,128,102,694
97,Justin Robinson\justin-robinson-2,JR,2015-16,G,Monmouth,MAAC,36,1184,214,488,134,285,80,203,185,219,21,115,136,132,79,0,80,55,693
98,Kahlil Dukes\kahlil-dukes-1,SR,2017-18,G,Niagara,MAAC,33,1120,224,482,129,254,95,228,149,164,6,66,72,108,27,1,83,56,692
99,Austin McBroom\austin-mcbroom-1,SR,2015-16,G,Eastern Washington,Big Sky,33,1235,212,488,97,202,115,286,153,184,21,63,84,121,35,0,93,52,692
100,Jordan McRae\jordan-mcrae-1,SR,2013-14,G,Tennessee,SEC,37,1190,223,512,144,287,79,225,167,212,26,102,128,91,25,38,77,78,692
101,Jon Elmore\jon-elmore-1,JR,2016-17,G,Marshall,CUSA,35,1230,210,508,127,272,83,236,188,233,21,131,152,207,40,7,109,63,691
102,Eric Mika\eric-mika-2,SO,2016-17,F,Brigham Young,WCC,34,974,233,441,233,440,0,1,225,295,104,208,312,56,19,63,84,92,691
103,Pascal Siakam\pascal-siakam-1,SO,2015-16,F,New Mexico State,WAC,34,1176,275,510,272,495,3,15,137,202,132,263,395,58,34,75,67,92,690
104,Jaylon Brown\jaylon-brown-1,SR,2016-17,G,Evansville,MVC,33,1215,220,475,182,386,38,89,211,246,16,129,145,101,34,3,82,80,689
105,Marcus Marshall\marcus-marshall-1,SR,2016-17,G,Nevada,MWC,35,1240,205,487,90,184,115,303,164,198,12,75,87,128,30,2,60,72,689
106,R.J. Hunter\rj-hunter-1,JR,2014-15,G,Georgia State,Sun Belt,35,1294,203,514,123,252,80,262,202,230,27,138,165,126,75,35,77,85,688
107,Carsen Edwards\carsen-edwards-1,SO,2017-18,G,Purdue,Big Ten,37,1092,229,500,132,261,97,239,131,159,13,129,142,104,42,8,64,65,686
108,A.J. English\aj-english-1,JR,2014-15,G,Iona,MAAC,34,1272,212,491,106,217,106,274,155,197,26,148,174,172,49,18,128,91,685
109,Marcus Evans\marcus-evans-2,FR,2015-16,G,Rice,CUSA,32,1073,223,474,171,304,52,170,187,235,28,100,128,91,70,6,100,92,685
110,Jack Gibbs\jack-gibbs-1,SR,2016-17,G,Davidson,A-10,31,1122,215,503,121,263,94,240,161,202,22,103,125,127,41,0,82,77,685
111,Jonathan Stark\jonathan-stark-1,SR,2017-18,G,Murray State,OVC,32,1165,221,490,111,214,110,276,133,149,12,73,85,126,43,6,78,56,685
112,Stephen Madison\stephen-madison-1,SR,2013-14,F,Idaho,WAC,34,1172,218,457,179,337,39,120,209,275,70,190,260,81,34,17,93,101,684
113,Jimmy Hall\jimmy-hall-1,SR,2016-17,F,Kent State,MAC,36,1172,267,513,264,493,3,20,146,188,148,235,383,91,32,48,104,105,683
114,Jerrick Harding\jerrick-harding-1,SO,2017-18,G,Weber State,Big Sky,31,1019,249,470,192,336,57,134,127,144,19,87,106,53,33,5,74,57,682
115,Kendrick Perry\kendrick-perry-1,SR,2013-14,G,Youngstown State,Horizon,32,1168,215,425,153,251,62,174,190,258,29,103,132,140,76,10,60,85,682
116,Reid Travis\reid-travis-1,JR,2017-18,F,Stanford,Pac-12,35,1190,250,474,232,413,18,61,164,243,104,202,306,47,26,4,72,91,682
117,Travis Bader\travis-bader-1,SR,2013-14,G,Oakland,Horizon,33,1242,185,479,38,119,147,360,164,174,10,81,91,47,29,3,43,100,681
118,Caleb Martin\caleb-martin-1,JR,2017-18,F,Nevada,MWC,36,1199,223,491,123,243,100,248,134,179,34,160,194,92,45,21,61,95,680
119,Alec Peters\alec-peters-1,JR,2015-16,F,Valparaiso,Horizon,37,1186,223,442,132,235,91,207,142,167,93,219,312,49,26,11,63,77,679
120,Braylon Rayson\braylon-rayson-1,SR,2016-17,G,Central Michigan,MAC,32,1191,209,549,116,291,93,258,168,198,25,115,140,101,39,1,86,69,679
121,Davon Usher\davon-usher-1,SR,2013-14,G,Delaware,CAA,35,1282,216,479,131,245,85,234,162,218,51,161,212,62,62,14,71,91,679
122,Luwane Pipkins\luwane-pipkins-1,SO,2017-18,G,Massachusetts,A-10,32,1114,228,530,121,279,107,251,115,146,15,99,114,128,48,0,108,68,678
123,Tyler Harvey\tyler-harvey-1,SO,2013-14,G,Eastern Washington,Big Sky,31,1158,206,465,97,213,109,252,156,174,21,108,129,84,35,9,66,71,677
124,Trevon Bluiett\trevon-bluiett-1,SR,2017-18,G,Xavier,Big East,35,1200,202,462,97,210,105,252,167,197,29,164,193,87,26,9,70,76,676
125,Kevin Hervey\kevin-hervey-1,SR,2017-18,F,Texas-Arlington,Sun Belt,33,1064,243,545,166,318,77,227,113,140,77,205,282,73,41,20,90,60,676
126,Chris Horton\chris-horton-1,SR,2015-16,C,Austin Peay,OVC,36,1213,248,414,248,414,0,0,180,290,177,254,431,54,49,63,98,76,676
127,Malcolm Brogdon\malcolm-brogdon-1,SR,2015-16,G,Virginia,ACC,37,1263,230,503,155,311,75,192,140,156,19,131,150,115,35,9,52,76,675
128,Devonte' Graham\devonte-graham-1,SR,2017-18,G,Kansas,Big 12,39,1474,199,498,89,227,110,271,167,202,24,133,157,282,62,2,109,56,675
129,Chasson Randle\chasson-randle-1,JR,2013-14,G,Stanford,Pac-12,36,1263,218,460,150,285,68,175,171,223,20,109,129,77,37,2,88,93,675
130,D'Angelo Russell\dangelo-russell-1,FR,2014-15,G,Ohio State,Big Ten,35,1188,231,515,136,284,95,231,118,156,35,163,198,175,55,11,102,74,675
131,David Laury\david-laury-1,SR,2014-15,F,Iona,MAAC,34,1201,244,514,217,443,27,71,159,233,85,244,329,96,27,45,101,92,674
132,Jerrelle Benimon\jerrelle-benimon-1,SR,2013-14,F,Towson,CAA,36,1307,225,425,211,381,14,44,209,293,84,320,404,130,25,44,124,104,673
133,Chase Fischer\chase-fischer-1,SR,2015-16,G,Brigham Young,WCC,37,1257,209,509,97,204,112,305,143,173,14,88,102,77,41,2,55,63,673
134,Josh Hart\josh-hart-1,SR,2016-17,G,Villanova,Big East,36,1193,236,463,162,280,74,183,127,170,51,179,230,106,56,10,71,81,673
135,Russ Smith\russ-smith-1,SR,2013-14,G,Louisville,AAC,37,1084,225,481,155,300,70,181,153,217,29,93,122,172,74,4,105,92,673
136,Charles Williams\charles-williams-5,SO,2017-18,F,Howard,MEAC,33,1173,253,567,179,386,74,181,93,119,23,89,112,19,28,10,58,72,673
137,Keita Bates-Diop\keita-bates-diop-1,JR,2017-18,F,Ohio State,Big Ten,34,1125,247,515,181,331,66,184,112,141,52,244,296,56,31,56,62,57,672
138,Dallas Moore\dallas-moore-1,JR,2015-16,G,North Florida,A-Sun,34,1211,256,496,192,334,64,162,96,135,20,115,135,205,31,5,64,28,672
139,Elfrid Payton\elfrid-payton-1,JR,2013-14,G,Louisiana,Sun Belt,35,1258,237,466,223,412,14,54,184,302,81,129,210,208,80,21,127,83,672
140,Aaron Holiday\aaron-holiday-1,JR,2017-18,G,UCLA,Pac-12,33,1244,212,460,124,255,88,205,159,192,17,104,121,192,42,8,125,87,671
141,Amere May\amere-may-1,SR,2014-15,G,Delaware State,MEAC,32,1095,227,543,138,313,89,230,128,156,32,101,133,85,32,6,93,57,671
142,T.J. Cromer\tj-cromer-1,SR,2016-17,G,East Tennessee State,Southern,35,1110,224,491,118,230,106,261,116,141,16,83,99,111,36,14,97,83,670
143,Nick Dixon\nick-dixon-1,SR,2017-18,G,Texas-Rio Grande Valley,WAC,33,978,197,440,143,287,54,153,222,279,52,94,146,78,47,6,82,63,670
144,Jabari Parker\jabari-parker-1,FR,2013-14,F,Duke,ACC,35,1074,236,499,198,393,38,106,160,214,105,201,306,41,37,43,81,83,670
145,Victor Sanders\victor-sanders-1,JR,2016-17,G,Idaho,Big Sky,32,1052,206,453,105,223,101,230,157,201,12,94,106,106,55,11,103,91,670
146,Obi Emegano\obi-emegano-2,JR,2015-16,G,Oral Roberts,Summit,29,1026,210,484,159,350,51,134,198,232,28,121,149,53,33,10,51,69,669
147,LaDontae Henton\ladontae-henton-1,SR,2014-15,F,Providence,Big East,34,1257,230,516,166,327,64,189,145,191,60,162,222,29,46,16,68,76,669
148,Justin Robinson\justin-robinson-2,SR,2016-17,G,Monmouth,MAAC,34,1128,212,508,116,270,96,238,149,174,20,109,129,162,49,3,89,54,669
149,Alec Peters\alec-peters-1,SR,2016-17,F,Valparaiso,Horizon,29,1019,218,468,160,308,58,160,172,194,74,219,293,64,23,11,71,64,666
150,Trevon Bluiett\trevon-bluiett-1,JR,2016-17,G,Xavier,Big East,36,1263,212,484,121,239,91,245,150,199,26,178,204,75,32,4,78,86,665
151,Marcus Evans\marcus-evans-2,SO,2016-17,G,Rice,CUSA,35,1110,197,464,111,235,86,229,185,235,14,101,115,131,40,5,128,92,665
152,Jairus Lyles\jairus-lyles-1,SR,2017-18,G,Maryland-Baltimore County,AEC,33,1152,225,512,147,312,78,200,137,173,23,160,183,117,68,6,103,65,665
153,Semi Ojeleye\semi-ojeleye-1,JR,2016-17,F,Southern Methodist,AAC,35,1195,210,431,137,259,73,172,172,219,80,160,240,53,15,14,50,62,665
154,Donte Clark\donte-clark-1,SR,2017-18,G,Texas Southern,SWAC,36,1252,203,506,161,357,42,149,216,279,39,148,187,93,39,12,102,113,664
155,QJ Peterson\qj-peterson-1,FR,2013-14,G,Virginia Military Institute,Big South,35,1152,218,549,140,305,78,244,150,198,63,133,196,72,59,12,76,81,664
156,James Kelly\james-kelly-1,SR,2015-16,F,Marshall,CUSA,33,1009,260,479,211,320,49,159,94,126,61,263,324,38,44,36,77,94,663
157,Zach Lofton\zach-lofton-1,SR,2017-18,G,New Mexico State,WAC,33,1054,217,476,130,247,87,229,142,184,37,129,166,56,35,4,71,67,663
158,Roberto Nelson\roberto-nelson-1,SR,2013-14,G,Oregon State,Pac-12,32,1052,200,447,143,304,57,143,206,250,35,73,108,115,31,1,98,70,663
159,Saah Nimley\saah-nimley-1,SR,2014-15,G,Charleston Southern,Big South,31,1106,183,477,73,170,110,307,187,228,17,110,127,126,28,1,85,68,663
160,Sindarius Thornwell\sindarius-thornwell-1,SR,2016-17,G,South Carolina,SEC,31,1051,195,439,137,291,58,148,215,259,77,144,221,86,66,30,76,71,663
161,Lamond Murray\lamond-murray-2,SR,2016-17,G,Pepperdine,WCC,31,1060,251,528,200,394,51,134,109,140,36,140,176,40,35,12,81,64,662
162,Rodney Glasgow\rodney-glasgow-1,SR,2013-14,G,Virginia Military Institute,Big South,35,1291,232,483,146,266,86,217,110,126,32,107,139,205,46,0,62,61,660
163,Jelani Hewitt\jelani-hewitt-1,JR,2013-14,G,Georgia Southern,Southern,34,1152,211,520,126,284,85,236,153,184,31,120,151,104,75,5,103,78,660
164,J.J. Mann\jj-mann-1,SR,2013-14,G,Belmont,OVC,36,1266,218,474,129,246,89,228,135,155,15,157,172,92,77,3,61,51,660
165,Eugene German\eugene-german-1,SO,2017-18,G,Northern Illinois,MAC,32,991,243,516,181,333,62,183,111,145,13,110,123,54,28,5,66,53,659
166,Marcus Thornton\marcus-thornton-3,SR,2014-15,G,William & Mary,CAA,33,1210,215,472,113,218,102,254,127,153,9,83,92,95,21,4,77,36,659
167,Jonathan Wade\jonathan-wade-1,SR,2016-17,G,Norfolk State,MEAC,34,1187,217,448,156,289,61,159,163,218,53,178,231,63,22,3,110,73,658
168,Jahlil Okafor\jahlil-okafor-1,FR,2014-15,C,Duke,ACC,38,1143,279,420,279,420,0,0,99,194,134,188,322,49,29,54,95,81,657
169,Peyton Aldridge\peyton-aldridge-1,JR,2016-17,F,Davidson,A-10,32,1180,233,471,163,300,70,171,120,144,54,209,263,70,28,28,53,65,656
170,Jordan Caroline\jordan-caroline-1,JR,2017-18,G,Nevada,MWC,37,1290,221,466,185,355,36,111,178,251,98,221,319,82,26,6,71,87,656
171,Kendrick Ray\kendrick-ray-1,SR,2016-17,G,Kennesaw State,A-Sun,31,1049,244,543,158,325,86,218,82,104,30,84,114,97,22,10,81,75,656
172,Robert Gray Jr.\robert-grayjr-1,SR,2017-18,G,Houston,AAC,34,1084,218,488,157,318,61,170,158,197,23,102,125,148,38,4,79,53,655
173,Zeke Upshaw\zeke-upshaw-1,SR,2013-14,G,Hofstra,CAA,33,1206,197,489,106,228,91,261,170,225,33,104,137,61,25,7,94,70,655
174,Jameel Warney\jameel-warney-1,SR,2015-16,F,Stony Brook,AEC,33,1086,272,432,272,432,0,0,111,178,148,209,357,52,31,98,44,71,655
175,Marcus Foster\marcus-foster-1,SR,2017-18,G,Creighton,Big East,33,1044,246,509,151,279,95,230,67,90,22,107,129,89,34,4,71,56,654
176,Alex Hamilton\alex-hamilton-1,SR,2015-16,G,Louisiana Tech,CUSA,33,1166,212,427,178,313,34,114,196,277,34,155,189,205,65,16,104,54,654
177,Tim Kempton\tim-kempton-2,SR,2016-17,C,Lehigh,Patriot,32,1012,231,422,208,366,23,56,168,221,62,271,333,36,29,41,99,99,653
178,Isaiah Miles\isaiah-miles-1,SR,2015-16,F,Saint Joseph's,A-10,36,1239,223,426,158,257,65,169,142,160,84,208,292,31,21,36,41,102,653
179,Troy Huff\troy-huff-1,SR,2013-14,G,North Dakota,Big Sky,34,993,210,467,168,328,42,139,190,250,96,135,231,41,79,10,64,57,652
180,Garrison Mathews\garrison-matthews-1,SO,2016-17,G,Lipscomb,A-Sun,32,1002,202,441,113,188,89,253,159,219,39,140,179,73,27,6,74,83,652
181,Reed Timmer\reed-timmer-1,SR,2017-18,G,Drake,MVC,34,1134,188,422,95,197,93,225,183,212,18,103,121,79,21,3,65,57,652
182,Ge'Lawn Guyn\gelawn-guyn-1,SR,2015-16,G,East Tennessee State,Southern,35,1141,221,510,127,287,94,223,115,153,21,120,141,65,39,27,68,74,651
183,Jermaine Marrow\jermaine-marrow-1,SO,2017-18,G,Hampton,MEAC,34,1175,228,573,187,434,41,139,153,192,31,139,170,184,43,1,117,88,650
184,Martaveous McKnight\martaveous-mcknight-1,JR,2017-18,G,Arkansas-Pine Bluff,SWAC,35,1134,217,480,153,298,64,182,152,210,16,134,150,124,68,5,92,31,650
185,T.J. Cline\tj-cline-1,SR,2016-17,F,Richmond,A-10,35,1137,243,470,195,318,48,152,114,166,30,242,272,197,33,8,103,88,648
186,K.T. Harrell\kt-harrell-1,SR,2014-15,G,Auburn,SEC,35,1156,194,428,96,202,98,226,162,199,32,72,104,52,33,2,86,80,648
187,Andrew Rowsey\andrew-rowsey-1,FR,2013-14,G,North Carolina-Asheville,Big South,32,1156,202,471,96,209,106,262,138,165,14,104,118,94,42,3,102,63,648
188,Jeff Short\jeffrey-short-1,JR,2014-15,G,Norfolk State,MEAC,34,1153,212,426,143,251,69,175,155,189,24,118,142,66,32,14,96,63,648
189,Ike Smith\ike-smith-1,SO,2016-17,G,Georgia Southern,Sun Belt,33,1005,230,462,169,308,61,154,127,195,35,137,172,56,47,21,72,74,648
190,Michael Young\michael-young-3,SR,2016-17,F,Pittsburgh,ACC,33,1097,217,479,175,356,42,123,172,221,53,170,223,90,19,25,70,59,648
191,Jordan Downing\jordan-downing-1,JR,2013-14,G,Presbyterian,Big South,32,1191,235,541,155,323,80,218,97,119,21,123,144,60,32,12,72,67,647
192,Michael Gbinije\michael-gbinije-1,SR,2015-16,F,Syracuse,ACC,37,1403,225,488,134,255,91,233,106,160,40,111,151,159,70,13,105,98,647
193,Shamorie Ponds\shamorie-ponds-1,SO,2017-18,G,St. John's (NY),Big East,30,1110,225,536,178,350,47,186,150,175,36,115,151,142,70,3,82,53,647
194,Caleb Swanigan\caleb-swanigan-1,SO,2016-17,F,Purdue,Big Ten,35,1139,222,421,184,336,38,85,164,210,96,340,436,107,15,28,118,97,646
195,Jerome Hill\jerome-hill-1,JR,2014-15,F,Gardner-Webb,Big South,34,1126,211,446,205,408,6,38,216,344,118,227,345,75,18,23,101,76,644
196,Deonte Burton\deonte-burton-1,SR,2013-14,G,Nevada,MWC,32,1236,215,456,166,300,49,156,164,221,12,125,137,142,48,17,65,71,643
197,Joe Young\joseph-young-1,JR,2013-14,G,Oregon,Pac-12,34,1059,206,429,130,246,76,183,155,176,26,70,96,66,44,1,39,47,643
198,Quinton Hooker\quinton-hooker-1,JR,2015-16,G,North Dakota,Big Sky,32,1136,211,433,160,300,51,133,169,197,37,119,156,112,60,8,58,72,642
199,Shawn Long\shawn-long-1,SR,2015-16,F,Louisiana,Sun Belt,34,1042,232,443,214,376,18,67,160,235,137,274,411,47,24,61,91,95,642
200,Damon Lynn\damon-lynn-1,JR,2015-16,G,NJIT,A-Sun,35,1323,196,524,80,174,116,350,134,161,11,95,106,114,56,2,71,44,642
201,T.J. Williams\tj-williams-4,SR,2016-17,G,Northeastern,CAA,30,1145,202,436,166,328,36,108,202,265,23,118,141,158,31,4,101,67,642
202,Perry Ellis\perry-ellis-1,SR,2015-16,F,Kansas,Big 12,38,1150,237,446,209,382,28,64,139,177,67,155,222,49,18,19,56,64,641
203,Jalan West\jalan-west-1,JR,2014-15,G,Northwestern State,Southland,32,1104,193,423,107,219,86,204,169,196,18,122,140,246,66,11,90,63,641
204,Jared Brownridge\jared-brownridge-1,JR,2015-16,G,Santa Clara,WCC,31,1110,195,491,104,255,91,236,159,191,11,87,98,72,22,6,58,67,640
205,Jevon Carter\jevon-carter-1,SR,2017-18,G,West Virginia,Big 12,37,1313,215,509,138,313,77,196,133,155,29,143,172,246,112,13,98,111,640
206,Tyler Cavanaugh\tyler-cavanaugh-1,SR,2016-17,F,George Washington,A-10,35,1126,200,446,133,282,67,164,173,204,87,207,294,71,19,14,93,98,640
207,J.J. Frazier\jj-frazier-1,SR,2016-17,G,Georgia,SEC,34,1178,199,490,144,309,55,181,187,211,12,117,129,140,63,4,80,81,640
208,Nigel Williams-Goss\nigel-williams-goss-1,JR,2016-17,G,Gonzaga,WCC,38,1248,220,453,177,336,43,117,157,181,22,205,227,179,64,3,81,60,640
209,Bonzie Colson\bonzie-colson-1,JR,2016-17,F,Notre Dame,ACC,36,1156,236,449,210,389,26,60,141,180,104,258,362,56,40,50,44,81,639
210,Tyler Cavanaugh\tyler-cavanaugh-1,JR,2015-16,F,George Washington,A-10,38,1157,209,414,156,287,53,127,167,202,76,213,289,46,21,10,79,95,638
211,Marcus Foster\marcus-foster-1,JR,2016-17,G,Creighton,Big East,35,1081,245,532,172,318,73,214,75,107,9,92,101,84,21,2,78,69,638
212,Robert Gray Jr.\robert-grayjr-1,JR,2016-17,G,Houston,AAC,31,1002,233,493,170,328,63,165,109,134,33,83,116,91,37,5,70,57,638
213,Max Landis\max-landis-1,SR,2015-16,G,Purdue-Fort Wayne,Summit,33,1228,196,433,71,159,125,274,121,149,5,65,70,121,30,1,72,44,638
214,Kyle Wiltjer\kyle-wiltjer-1,JR,2014-15,F,Gonzaga,WCC,38,1049,242,448,174,302,68,146,86,109,51,184,235,71,18,25,43,62,638
215,Glenn Cosey\glenn-cosey-1,SR,2013-14,G,Eastern Kentucky,OVC,34,1234,187,435,72,165,115,270,148,176,20,89,109,142,42,2,63,59,637
216,Egor Koulechov\egor-koulechov-1,JR,2016-17,G,Rice,CUSA,35,1201,208,440,127,269,81,171,140,171,65,247,312,75,29,11,71,70,637
217,Matt Mooney\matt-mooney-1,JR,2017-18,G,South Dakota,Summit,34,1040,227,510,151,294,76,216,107,129,22,116,138,105,67,4,82,67,637
218,Elijah Bryant\elijah-bryant-1,JR,2017-18,G,Brigham Young,WCC,35,1215,202,409,117,204,85,205,147,173,16,206,222,81,44,19,80,83,636
219,Patrick Cole\patrick-cole-1,SR,2016-17,G,North Carolina Central,MEAC,33,1166,203,529,137,335,66,194,164,217,39,191,230,184,31,8,124,79,636
220,Peter Jok\peter-jok-1,SR,2016-17,G,Iowa,Big Ten,32,983,199,467,115,246,84,221,154,169,30,146,176,84,34,3,81,70,636
221,Yante Maten\yante-maten-1,SR,2017-18,F,Georgia,SEC,33,1131,207,446,178,361,29,85,193,241,116,167,283,51,15,49,67,72,636
222,Dillon Brooks\dillon-brooks-1,SO,2015-16,F,Oregon,Pac-12,38,1247,231,492,183,350,48,142,125,155,77,129,206,119,40,15,89,112,635
223,Zane Martin\zane-martin-1,SO,2017-18,G,Towson,CAA,32,966,226,493,155,306,71,187,112,161,18,95,113,85,25,6,76,66,635
224,Gary Blackston\gary-blackston-1,JR,2017-18,G,Prairie View,SWAC,33,1064,217,494,173,371,44,123,156,217,48,128,176,116,51,3,100,110,634
225,Matt Mooney\matt-mooney-1,SO,2016-17,G,South Dakota,Summit,34,1059,222,483,146,276,76,207,114,159,14,138,152,71,75,5,86,65,634
226,Keenan Evans\keenan-evans-1,SR,2017-18,G,Texas Tech,Big 12,36,1063,194,412,146,262,48,150,197,241,12,98,110,116,41,11,70,65,633
227,Domantas Sabonis\domantas-sabonis-1,SO,2015-16,F,Gonzaga,WCC,36,1149,239,391,234,377,5,14,150,195,110,316,426,64,22,31,92,115,633
228,Xavier Thames\xavier-thames-1,SR,2013-14,G,San Diego State,MWC,36,1126,188,457,127,294,61,163,196,235,21,83,104,116,59,5,51,71,633
229,John Collins\john-collins-1,SO,2016-17,F,Wake Forest,ACC,33,878,234,376,234,375,0,1,164,220,124,200,324,17,21,52,60,98,632
230,A.J. English\aj-english-1,SR,2015-16,G,Iona,MAAC,28,1005,190,439,96,185,94,254,158,189,15,126,141,174,44,14,101,60,632
231,Brandon Goodwin\brandon-goodwin-1,SR,2017-18,G,Florida Gulf Coast,A-Sun,34,1135,223,474,181,321,42,153,144,192,38,150,188,162,46,4,100,53,632
232,Collin Sexton\collin-sexton-1,FR,2017-18,G,Alabama,SEC,33,987,196,438,152,307,44,131,196,252,34,90,124,119,28,3,92,81,632
233,Ben Simmons\ben-simmons-1,FR,2015-16,F,Louisiana State,SEC,33,1151,216,386,215,383,1,3,199,297,103,285,388,158,65,27,111,92,632
234,David Brown\david-brown-2,SR,2013-14,G,Western Michigan,MAC,33,1123,176,428,96,181,80,247,199,258,19,98,117,61,47,5,92,93,631
235,Shawn Long\shawn-long-1,SO,2013-14,F,Louisiana,Sun Belt,34,999,239,458,206,380,33,78,120,178,121,232,353,19,23,91,73,119,631
236,Matt Morgan\matt-morgan-1,JR,2017-18,G,Cornell,Ivy,28,969,204,415,129,212,75,203,147,180,11,118,129,90,23,9,69,48,630
237,Nik Stauskas\nik-stauskas-1,SO,2013-14,G,Michigan,Big Ten,36,1281,185,394,93,186,92,208,168,204,15,90,105,118,20,11,67,47,630
238,Brandon Goodwin\brandon-goodwin-1,JR,2016-17,G,Florida Gulf Coast,A-Sun,34,1073,219,428,164,272,55,156,136,172,28,126,154,139,41,2,72,73,629
239,Demontrae Jefferson\demontrae-jefferson-1,SO,2017-18,G,Texas Southern,SWAC,27,1016,207,493,122,277,85,216,130,158,18,66,84,123,36,0,85,68,629
240,Roddy Peters\roddy-peters-1,SR,2017-18,G,Nicholls State,Southland,32,858,229,445,218,407,11,38,160,210,28,160,188,135,44,6,121,79,629
241,Bobby Portis\bobby-portis-1,SO,2014-15,F,Arkansas,SEC,36,1076,250,466,236,436,14,30,115,156,133,188,321,42,39,50,56,78,629
242,Jordan Washington\jordan-washington-1,SR,2016-17,F,Iona,MAAC,35,760,233,422,232,418,1,4,162,236,83,182,265,22,32,14,78,122,629
243,Jaylen Barford\jaylen-barford-1,SR,2017-18,G,Arkansas,SEC,35,1094,224,477,137,276,87,201,93,129,35,102,137,89,35,10,67,88,628
244,Jerian Grant\jerian-grant-1,SR,2014-15,G,Notre Dame,ACC,38,1408,204,427,154,269,50,158,170,218,13,102,115,253,63,19,82,75,628
245,Andrew White III\andrew-whiteiii-1,SR,2016-17,G,Syracuse,ACC,34,1266,199,451,87,173,112,278,118,141,28,130,158,38,55,12,56,72,628
246,Jonathan Williams\jonathan-williams-2,SR,2016-17,G,Toledo,MAC,32,1097,212,479,146,272,66,207,138,169,22,75,97,102,25,4,87,67,628
247,Nisre Zouzoua\nisre-zouzoua-1,SO,2016-17,G,Bryant,NEC,31,1102,208,508,116,257,92,251,120,156,29,100,129,48,45,13,59,83,628
248,DeAndre Bembry\deandre-bembry-1,JR,2015-16,F,Saint Joseph's,A-10,36,1341,238,497,204,369,34,128,117,178,51,228,279,161,51,30,73,88,627
249,DeSean Murray\desean-murray-1,SO,2015-16,F,Presbyterian,Big South,31,902,232,427,232,420,0,7,163,211,74,154,228,53,62,17,95,94,627
250,Jeremy Senglin\jeremy-senglin-1,JR,2015-16,G,Weber State,Big Sky,35,1220,213,437,107,192,106,245,95,154,12,110,122,97,23,3,77,62,627
251,Jordan Adams\jordan-adams-1,SO,2013-14,G,UCLA,Pac-12,36,1082,208,429,156,283,52,146,158,189,67,125,192,84,95,5,54,78,626
252,Melvin Johnson\melvin-johnson-2,SR,2015-16,G,Virginia Commonwealth,A-10,36,1134,223,535,113,246,110,289,70,86,21,75,96,78,45,2,54,47,626
253,Ethan Telfair\ethan-telfair-1,JR,2015-16,G,Idaho State,Big Sky,31,1108,179,450,116,287,63,163,205,236,27,96,123,167,74,4,112,78,626
254,Olivier Hanlan\olivier-hanlan-1,JR,2014-15,G,Boston College,ACC,32,1204,225,496,160,312,65,184,110,145,24,111,135,135,41,1,85,68,625
255,Luke Maye\luke-maye-1,JR,2017-18,F,North Carolina,ACC,37,1193,251,516,201,400,50,116,73,117,113,260,373,88,36,38,69,92,625
256,David Nichols\david-nichols-1,SO,2016-17,G,Albany (NY),AEC,35,1182,248,560,197,416,51,144,78,94,14,107,121,111,43,3,93,97,625
257,Justin Tillman\justin-tillman-1,SR,2017-18,F,Virginia Commonwealth,A-10,33,1012,248,445,221,363,27,82,102,156,109,218,327,15,11,34,56,78,625
258,Lawrence Alexander\lawrence-alexander-1,SR,2014-15,G,North Dakota State,Summit,33,1271,203,472,99,236,104,236,114,141,14,136,150,56,29,7,65,45,624
259,Martin Breunig\martin-breunig-1,SR,2015-16,F,Montana,Big Sky,33,1005,228,367,225,357,3,10,165,233,97,201,298,48,22,37,73,110,624
260,Yoeli Childs\yoeli-childs-1,SO,2017-18,F,Brigham Young,WCC,35,1191,246,455,231,407,15,48,117,182,70,231,301,77,30,63,76,79,624
261,Brandon Ingram\brandon-ingram-1,FR,2015-16,G,Duke,ACC,36,1246,214,484,134,289,80,195,116,170,67,177,244,72,41,49,72,74,624
262,Denzel Livingston\denzel-livingston-1,SR,2014-15,G,Incarnate Word,Southland,29,1071,190,418,144,284,46,134,198,246,43,129,172,85,74,38,80,86,624
263,Jarrod Uthoff\jarrod-uthoff-1,SR,2015-16,F,Iowa,Big Ten,33,1016,218,487,152,314,66,173,122,150,48,161,209,36,32,86,38,51,624
264,Kyle Allman\kyle-allman-1,JR,2017-18,G,Cal State Fullerton,Big West,32,1053,198,405,153,300,45,105,182,244,11,100,111,75,36,6,74,68,623
265,LaVell Boyd\lavell-boyd-1,SR,2016-17,G,Missouri-Kansas City,WAC,35,1086,189,461,102,245,87,216,158,190,19,123,142,136,37,1,89,95,623
266,Joe Chealey\joe-chealey-1,JR,2016-17,G,College of Charleston,CAA,35,1184,175,405,110,239,65,166,208,253,16,107,123,113,35,1,60,82,623
267,Jordan Howard\jordan-howard-2,JR,2016-17,G,Central Arkansas,Southland,32,1098,189,439,88,212,101,227,144,162,9,107,116,93,36,2,80,34,623
268,Carrington Love\carrington-love-1,SR,2015-16,G,Green Bay,Horizon,36,1174,204,485,119,240,85,245,130,218,20,78,98,129,94,10,61,68,623
269,Obi Emegano\obi-emegano-2,JR,2014-15,G,Oral Roberts,Summit,34,1168,194,434,165,359,29,75,205,260,26,134,160,76,57,6,87,70,622
270,Zeek Woodley\zikiteran-woodley-1,JR,2015-16,G,Northwestern State,Southland,28,925,216,407,159,267,57,140,133,150,47,98,145,44,27,16,55,67,622
271,Cameron Young\cameron-young-1,SR,2017-18,G,Quinnipiac,MAAC,33,1124,187,443,123,232,64,211,184,244,61,165,226,91,43,10,93,85,622
272,Derrick Marks\derrick-marks-1,SR,2014-15,G,Boise State,MWC,32,998,231,468,163,312,68,156,91,118,16,102,118,96,59,14,68,72,621
273,Jacorey Williams\jacorey-williams-1,SR,2016-17,F,Middle Tennessee,CUSA,36,1069,258,484,256,469,2,15,103,148,63,201,264,56,32,17,60,72,621
274,Jordan Davis\jordan-davis-2,JR,2017-18,G,Northern Colorado,Big Sky,38,1103,236,458,220,391,16,67,132,207,40,143,183,121,36,15,118,104,620
275,Jakob Poeltl\jakob-poeltl-1,SO,2015-16,F,Utah,Pac-12,36,1093,228,353,228,353,0,0,164,238,102,225,327,70,21,56,74,83,620
276,Jaylen Adams\jaylen-adams-1,JR,2016-17,G,St. Bonaventure,A-10,30,1123,168,401,91,185,77,216,206,251,18,94,112,195,62,5,103,84,619
277,Chandler Hutchison\chandler-hutchison-1,SR,2017-18,G,Boise State,MWC,31,961,205,432,159,304,46,128,163,224,27,211,238,107,46,8,104,74,619
278,Nathan Boothe\nathan-boothe-1,SR,2015-16,C,Toledo,MAC,32,1007,241,486,208,398,33,88,103,125,60,227,287,105,21,33,71,83,618
279,Josh Hart\josh-hart-1,JR,2015-16,G,Villanova,Big East,40,1255,230,448,175,294,55,154,103,137,74,196,270,77,46,10,66,87,618
280,Nick Johnson\nick-johnson-1,JR,2013-14,G,Arizona,Pac-12,38,1257,205,474,143,305,62,169,146,187,31,123,154,107,43,25,64,76,618
281,Isaiah Whitehead\isaiah-whitehead-1,SO,2015-16,G,Seton Hall,Big East,34,1098,194,512,113,290,81,222,149,196,18,104,122,173,40,49,119,78,618
282,Anthony Beane\anthony-beane-1,SR,2015-16,G,Southern Illinois,MVC,32,1097,208,481,136,287,72,194,129,168,22,101,123,57,36,0,86,88,617
283,Joel Berry\joel-berry-1,SR,2017-18,G,North Carolina,ACC,36,1193,208,525,115,255,93,270,108,121,20,107,127,116,42,12,68,58,617
284,John Brown\john-brown-3,JR,2014-15,F,High Point,Big South,32,995,242,440,242,434,0,6,133,176,101,91,192,39,39,33,53,66,617
285,Desmond Williams\desmond-williams-1,SR,2017-18,F,Florida A&M,MEAC,34,1212,221,504,210,463,11,41,164,222,60,148,208,64,40,25,100,78,617
286,Ky Bowman\ky-bowman-1,SO,2017-18,G,Boston College,ACC,35,1337,220,521,140,300,80,221,96,119,29,210,239,165,51,12,112,90,616
287,Quinton Hooker\quinton-hooker-1,SR,2016-17,G,North Dakota,Big Sky,32,1156,202,432,118,243,84,189,128,148,24,123,147,115,56,5,56,69,616
288,Matt Mobley\matt-mobley-1,SR,2017-18,G,St. Bonaventure,A-10,34,1277,187,447,82,165,105,282,137,159,20,149,169,83,38,4,82,87,616
289,Lamar Patterson\lamar-patterson-1,SR,2013-14,G,Pittsburgh,ACC,36,1174,202,458,122,252,80,206,132,175,35,140,175,154,51,12,93,73,616
290,Erik Thomas\erik-thomas-1,SR,2016-17,F,New Orleans,Southland,32,1043,223,379,219,362,4,17,166,212,95,155,250,73,47,11,88,68,616
291,Thomas Wilder\thomas-wilder-1,JR,2016-17,G,Western Michigan,MAC,32,1014,197,430,134,288,63,142,159,191,14,123,137,121,42,12,64,78,616
292,Terry Rozier\terry-rozier-1,SO,2014-15,G,Louisville,ACC,36,1260,214,521,166,364,48,157,139,176,43,157,200,108,72,6,79,62,615
293,Thomas Walkup\thomas-walkup-1,SR,2015-16,G,Stephen F. Austin,Southland,34,1002,217,369,207,330,10,39,171,209,79,154,233,153,71,16,58,93,615
294,Derrick White\derrick-white-1,SR,2016-17,G,Colorado,Pac-12,34,1116,205,404,148,260,57,144,148,182,35,104,139,148,42,49,81,72,615
295,Jahii Carson\jahii-carson-1,SO,2013-14,G,Arizona State,Pac-12,33,1168,211,487,175,395,36,92,156,217,24,109,133,153,23,2,116,72,614
296,Torian Graham\torian-graham-1,SR,2016-17,G,Arizona State,Pac-12,33,1147,230,513,122,234,108,279,46,56,19,120,139,39,31,11,44,51,614
297,Malcolm Hill\malcolm-hill-1,JR,2015-16,G,Illinois,Big Ten,34,1195,192,440,155,322,37,118,193,235,43,180,223,112,42,15,75,88,614
298,DeAndre Kane\deandre-kane-1,SR,2013-14,G,Iowa State,Big 12,36,1240,208,431,165,323,43,108,155,244,49,196,245,213,44,10,104,79,614
299,Dedric Lawson\dedric-lawson-1,SO,2016-17,G,Memphis,AAC,32,1104,216,469,186,358,30,111,152,205,92,225,317,105,41,68,76,81,614
300,K.J. McDaniels\kj-mcdaniels-1,JR,2013-14,F,Clemson,ACC,36,1212,209,455,167,317,42,138,154,183,86,169,255,57,41,100,83,80,614
301,Keifer Sykes\keifer-sykes-1,SR,2014-15,G,Green Bay,Horizon,33,1156,213,471,167,323,46,148,142,182,25,123,148,129,55,5,71,72,614
302,Jawun Evans\jawun-evans-1,SO,2016-17,G,Oklahoma State,Big 12,32,936,211,482,175,387,36,95,155,191,24,86,110,204,57,4,90,74,613
303,Desmar Jackson\desmar-jackson-1,SR,2013-14,G,Southern Illinois,MVC,33,1087,212,455,190,373,22,82,167,214,50,133,183,68,80,14,98,92,613
304,Fletcher Magee\fletcher-magee-1,SO,2016-17,G,Wofford,Southern,33,1099,196,448,84,183,112,265,109,122,10,100,110,61,24,5,55,44,613
305,Mikh McKinney\mikh-mckinney-1,SR,2014-15,G,Sacramento State,Big Sky,32,1183,219,432,154,281,65,151,110,137,16,75,91,156,78,4,68,57,613
306,Grant Riller\grant-riller-1,SO,2017-18,G,College of Charleston,CAA,33,1110,230,422,174,280,56,142,97,133,13,78,91,67,42,14,64,69,613
307,Jordan Clarkson\jordan-clarkson-1,JR,2013-14,G,Missouri,SEC,35,1228,209,467,177,353,32,114,162,195,28,106,134,118,38,6,93,76,612
308,Max Heidegger\max-heidegger-1,SO,2017-18,G,UC-Santa Barbara,Big West,32,1053,195,451,100,216,95,235,127,166,11,68,79,79,19,2,50,69,612
309,Stephen Maxwell\stephen-maxwell-1,JR,2013-14,F,Cal State Northridge,Big West,35,1210,216,395,216,395,0,0,180,239,129,180,309,20,26,3,80,87,612
310,Akeem Richmond\akeem-richmond-1,SR,2013-14,G,East Carolina,CUSA,34,1199,181,451,26,59,155,392,95,112,20,75,95,54,45,1,57,40,612
311,Jordon Varnado\jordon-varnado-1,SO,2016-17,F,Troy,Sun Belt,37,1068,233,442,205,365,28,77,118,168,76,188,264,50,19,51,70,100,612
312,Joe Chealey\joe-chealey-1,SR,2017-18,G,College of Charleston,CAA,34,1202,169,430,107,252,62,178,211,246,22,136,158,122,29,4,59,78,611
313,C.J. Massinburg\cj-massinburg-1,JR,2017-18,G,Buffalo,MAC,36,1223,196,419,107,199,89,220,130,175,80,184,264,87,40,16,58,75,611
314,Buddy Hield\buddy-hield-1,JR,2014-15,G,Oklahoma,Big 12,35,1135,205,498,112,239,93,259,107,130,56,134,190,67,47,8,68,61,610
315,Ehab Amin\ehab-amin-1,JR,2016-17,G,Texas A&M-Corpus Christi,Southland,36,1213,225,487,182,338,43,149,116,162,71,166,237,105,124,13,99,102,609
316,Derrick Colter\derrick-colter-1,SR,2015-16,G,Duquesne,A-10,34,1220,193,479,113,246,80,233,143,173,17,105,122,156,34,7,108,67,609
317,Nick Faust\nick-faust-1,SR,2015-16,G,Long Beach State,Big West,35,1082,205,471,119,236,86,235,113,165,50,162,212,78,51,17,81,90,609
318,Marcus Posley\marcus-posley-1,SR,2015-16,G,St. Bonaventure,A-10,31,1154,197,471,115,243,82,228,133,165,21,85,106,113,39,3,75,76,609
319,Ronshad Shabazz\ronshad-shabazz-1,JR,2017-18,G,Appalachian State,Sun Belt,33,1079,206,515,126,282,80,233,117,170,19,64,83,100,36,2,79,58,609
320,Mark Alstork\mark-alstork-1,JR,2016-17,G,Wright State,Horizon,32,965,181,452,111,271,70,181,176,208,26,124,150,112,25,19,136,92,608
321,Jarekious Bradley\jarekious-bradley-1,JR,2013-14,G,Southeast Missouri State,OVC,32,1003,218,438,143,237,75,201,97,125,48,153,201,52,38,30,57,95,608
322,C.J. Bryce\cj-bryce-1,SO,2016-17,G,North Carolina-Wilmington,CAA,35,1199,231,477,189,350,42,127,104,153,60,129,189,104,33,7,66,80,608
323,Reger Dowell\reger-dowell-1,SR,2013-14,G,Texas-Arlington,Sun Belt,30,928,194,479,98,208,96,271,124,162,8,67,75,66,21,2,74,74,608
324,Micah Mason\micah-mason-1,SR,2015-16,G,Duquesne,A-10,33,1177,207,441,89,162,118,279,76,91,7,94,101,148,31,2,69,63,608
325,Cameron Morse\cameron-morse-1,SO,2015-16,G,Youngstown State,Horizon,30,1006,201,427,137,272,64,155,142,175,10,72,82,92,46,2,52,47,608
326,Josh Robinson\josh-robinson-3,SO,2015-16,G,Austin Peay,OVC,36,1228,185,461,113,250,72,211,166,199,14,98,112,92,36,0,97,49,608
327,Keifer Sykes\keifer-sykes-1,JR,2013-14,G,Green Bay,Horizon,30,1029,195,416,165,319,30,97,188,232,22,111,133,147,37,0,64,52,608
328,Devin Watson\devin-watson-1,SO,2015-16,G,San Francisco,WCC,30,1041,192,459,127,273,65,186,159,217,9,65,74,146,27,0,89,53,608
329,Yogi Ferrell\kevin-ferrell-1,SR,2015-16,G,Indiana,Big Ten,35,1215,196,428,117,240,79,188,136,164,34,99,133,195,38,1,88,58,607
330,Juan'ya Green\juanya-green-1,SR,2015-16,G,Hofstra,CAA,34,1282,173,435,105,247,68,188,192,240,25,123,148,243,56,17,101,78,606
331,Justin James\justin-james-2,JR,2017-18,G,Wyoming,MWC,32,996,210,445,170,315,40,130,146,201,19,172,191,98,36,16,81,81,606
332,Tyler Ulis\tyler-ulis-1,SO,2015-16,G,Kentucky,SEC,35,1288,192,442,137,282,55,160,167,195,19,86,105,246,51,4,69,64,606
333,Melvin Ejim\melvin-ejim-1,SR,2013-14,F,Iowa State,Big 12,34,1093,220,436,176,309,44,127,121,159,88,197,285,62,40,23,78,111,605
334,Quincy McKnight\quincy-mcknight-1,SO,2016-17,G,Sacred Heart,NEC,32,1040,203,473,176,389,27,84,172,222,26,130,156,95,52,5,148,94,605
335,Paul Miller\paul-miller-2,SR,2017-18,G,North Dakota State,Summit,31,1048,208,461,141,264,67,197,122,146,15,165,180,105,31,10,95,50,605
336,Tookie Brown\tookie-brown-1,JR,2017-18,G,Georgia Southern,Sun Belt,32,1035,189,355,140,251,49,104,177,235,20,110,130,137,56,10,80,79,604
337,Raiquan Clark\raiquan-clark-1,JR,2017-18,G,Long Island University,NEC,35,1127,207,372,200,343,7,29,183,244,74,171,245,53,40,14,143,111,604
338,Ryan Harrow\ryan-harrow-1,JR,2013-14,G,Georgia State,Sun Belt,34,1152,222,498,192,394,30,104,130,155,23,66,89,144,43,2,57,43,604
339,R.J. Hunter\rj-hunter-1,SO,2013-14,G,Georgia State,Sun Belt,33,1106,181,408,81,155,100,253,142,161,11,140,151,57,63,31,39,77,604
340,Jairus Lyles\jairus-lyles-1,JR,2016-17,G,Maryland-Baltimore County,AEC,32,1107,210,475,165,334,45,141,139,191,42,169,211,83,54,1,71,50,604
341,Tyler Nelson\tyler-nelson-1,JR,2016-17,G,Fairfield,MAAC,31,1119,196,442,115,235,81,207,131,153,23,75,98,112,35,4,69,53,604
342,D.J. Newbill\dj-newbill-1,JR,2013-14,G,Penn State,Big Ten,34,1171,209,462,163,321,46,141,140,186,61,106,167,58,27,11,72,96,604
343,Lamar Stevens\lamar-stevens-1,SO,2017-18,F,Penn State,Big Ten,39,1290,231,497,201,403,30,94,112,161,54,178,232,74,24,43,87,93,604
344,Martez Walker\martez-walker-1,JR,2016-17,G,Oakland,Horizon,34,1146,195,446,124,221,71,225,143,172,48,89,137,49,30,12,63,61,604
345,Dwayne Bacon\dwayne-bacon-1,SO,2016-17,G,Florida State,ACC,35,1008,221,489,164,318,57,171,104,138,35,112,147,61,35,4,71,55,603
346,John Brown\john-brown-3,SO,2013-14,F,High Point,Big South,31,986,224,411,224,406,0,5,155,208,105,134,239,60,47,51,49,79,603
347,Nick Dixon\nick-dixon-1,JR,2016-17,G,Texas-Rio Grande Valley,WAC,32,877,201,386,173,300,28,86,173,226,49,113,162,109,60,2,93,75,603
348,Malcolm Hill\malcolm-hill-1,SR,2016-17,G,Illinois,Big Ten,35,1164,189,435,124,252,65,183,160,204,35,145,180,102,42,13,66,74,603
349,Thomas Wilder\thomas-wilder-1,SR,2017-18,G,Western Michigan,MAC,32,1050,191,443,144,298,47,145,174,207,23,118,141,138,62,10,79,72,603
350,Langston Galloway\langston-galloway-1,SR,2013-14,G,Saint Joseph's,A-10,34,1231,190,428,82,184,108,244,114,138,28,117,145,53,36,17,28,81,602
351,Devin Sibley\devin-sibley-1,JR,2016-17,G,Furman,Southern,34,1093,201,385,122,209,79,176,121,162,9,131,140,78,26,7,91,68,602
352,Khalil Small\khalil-small-1,SR,2017-18,G,Green Bay,Horizon,33,1130,201,454,148,316,53,138,147,177,69,153,222,110,43,4,88,85,602
353,De'Aaron Fox\deaaron-fox-1,FR,2016-17,G,Kentucky,SEC,36,1064,214,447,197,378,17,69,156,212,21,122,143,165,53,7,87,90,601
354,Marcus Georges-Hunt\marcus-georges-hunt-1,SR,2015-16,F,Georgia Tech,ACC,36,1167,178,392,138,275,40,117,205,249,32,90,122,119,31,16,73,94,601
355,Stephan Hicks\stephen-hicks-1,JR,2013-14,G,Cal State Northridge,Big West,35,1198,206,397,196,364,10,33,179,218,73,164,237,37,47,10,55,86,601
356,James Sinclair\james-sinclair-1,SR,2014-15,G,Western Carolina,Southern,31,1180,214,532,163,370,51,162,122,159,58,129,187,90,67,14,76,65,601
357,Jalan West\jalan-west-1,SO,2013-14,G,Northwestern State,Southland,31,1021,184,397,114,226,70,171,163,186,14,111,125,197,78,8,84,75,601
358,Trey Davis\trey-davis-1,SR,2015-16,G,Massachusetts,A-10,32,1087,184,470,101,243,83,227,148,169,20,127,147,103,38,4,91,64,599
359,Keon Johnson\keon-johnson-1,JR,2015-16,G,Winthrop,Big South,32,1100,178,395,100,196,78,199,165,198,17,116,133,81,29,0,69,62,599
360,Julius Randle\julius-randle-1,FR,2013-14,F,Kentucky,SEC,40,1233,196,391,193,373,3,18,204,289,139,277,416,57,20,31,101,91,599
361,Marcus Thornton\marcus-thornton-3,JR,2013-14,G,William & Mary,CAA,32,1139,195,448,102,217,93,231,116,149,7,66,73,90,34,7,76,57,599
362,Antonio Campbell\antonio-campbell-1,JR,2015-16,F,Ohio,MAC,35,1013,237,423,194,306,43,117,81,111,74,283,357,23,23,63,44,111,598
363,Quinn Cook\quinn-cook-1,SR,2014-15,G,Duke,ACC,39,1396,199,439,97,181,102,258,98,110,15,116,131,103,39,1,47,76,598
364,Eric Eaves\eric-eaves-1,JR,2015-16,G,South Carolina State,MEAC,34,961,196,376,170,304,26,72,180,236,26,69,95,66,27,8,79,69,598
365,Kay Felder\kahlil-felder-1,SO,2014-15,G,Oakland,Horizon,33,1272,183,434,136,295,47,139,185,224,25,133,158,252,66,8,137,83,598
366,Tre'Shaun Fletcher\treshaun-fletcher-1,SR,2017-18,G,Toledo,MAC,33,1087,205,443,156,303,49,140,139,195,59,205,264,142,27,7,79,75,598
367,Isaiah Johnson\isaiah-johnson-1,SR,2016-17,C,Akron,MAC,36,1076,223,357,223,355,0,2,152,259,103,154,257,103,17,33,84,95,598
368,Denzel Mahoney\denzel-mahoney-1,SO,2017-18,G,Southeast Missouri State,OVC,31,970,176,380,112,225,64,155,182,218,45,113,158,39,28,5,51,91,598
369,Juwan Staten\juwan-staten-1,JR,2013-14,G,West Virginia,Big 12,33,1231,205,423,199,408,6,15,182,253,28,158,186,193,41,3,69,52,598
370,Travis Trice\travis-trice-1,SR,2014-15,G,Michigan State,Big Ten,39,1309,195,491,105,247,90,244,118,165,18,105,123,197,40,6,69,70,598
371,Allonzo Trier\allonzo-trier-1,JR,2017-18,G,Arizona,Pac-12,33,1124,184,368,114,184,70,184,160,185,11,89,100,107,21,11,70,57,598
372,Jared Brownridge\jared-brownridge-1,SR,2016-17,G,Santa Clara,WCC,33,1223,190,464,84,177,106,287,111,137,9,80,89,93,32,4,55,69,597
373,Jimmy Gavin\jimmy-gavin-1,SR,2015-16,G,Winthrop,Big South,32,1080,196,410,102,181,94,229,111,134,16,78,94,95,26,2,66,57,597
374,Kevin Hervey\kevin-hervey-1,JR,2016-17,F,Texas-Arlington,Sun Belt,35,973,208,453,140,255,68,198,113,150,49,249,298,74,43,14,66,65,597
375,Marc Eddy Norelia\marc-eddy-norelia-1,JR,2015-16,F,Florida Gulf Coast,A-Sun,35,1148,234,429,234,427,0,2,129,192,107,218,325,45,39,28,63,73,597
376,Jerome Robinson\jerome-robinson-2,SO,2016-17,G,Boston College,ACC,32,1089,213,503,159,341,54,162,117,162,20,104,124,108,55,12,102,89,597
377,Rodrick Sikes\rodrick-sikes-1,JR,2017-18,G,South Alabama,Sun Belt,32,998,178,421,90,183,88,238,153,197,13,86,99,27,30,7,60,60,597
378,Andrew Wiggins\andrew-wiggins-1,FR,2013-14,G,Kansas,Big 12,35,1148,189,422,146,296,43,126,176,227,76,129,205,54,41,34,80,94,597
379,Davion Berry\davion-berry-1,SR,2013-14,G,Weber State,Big Sky,31,1031,163,351,102,194,61,157,209,254,13,118,131,122,30,6,86,70,596
380,Cameron Forte\cameron-forte-1,SR,2015-16,F,Portland State,Big Sky,31,907,244,421,243,419,1,2,107,194,106,182,288,80,30,15,99,65,596
381,Anthony Ireland\anthony-ireland-1,SR,2013-14,G,Loyola Marymount,WCC,32,1127,192,470,150,336,42,134,170,208,39,80,119,173,53,3,90,76,596
382,Chavaughn Lewis\chavaughn-lewis-1,SR,2014-15,G,Marist,MAAC,29,1034,203,491,162,349,41,142,149,224,26,129,155,78,67,22,104,71,596
383,Josh Okogie\josh-okogie-1,FR,2016-17,G,Georgia Tech,ACC,37,1141,194,428,166,355,28,73,180,241,55,146,201,61,48,27,77,94,596
384,Marcus Paige\marcus-paige-1,SO,2013-14,G,North Carolina,ACC,34,1211,191,434,105,213,86,221,128,146,18,91,109,143,51,7,73,68,596
385,Jordan Price\jordan-price-1,JR,2015-16,G,La Salle,A-10,31,1170,195,500,106,256,89,244,117,163,23,149,172,92,35,13,102,68,596
386,Andrew Rowsey\andrew-rowsey-1,SO,2014-15,G,North Carolina-Asheville,Big South,31,1010,177,449,75,182,102,267,140,152,19,67,86,89,44,2,70,67,596
387,Angelo Warner\angelo-warner-1,JR,2013-14,G,Morehead State,OVC,34,1184,183,410,127,238,56,172,174,212,54,109,163,103,67,10,89,96,596
388,Alan Williams\alan-williams-2,JR,2013-14,C,UC-Santa Barbara,Big West,28,872,224,420,224,420,0,0,148,216,106,216,322,33,33,67,59,84,596
389,Alex Francis\alex-francis-1,SR,2013-14,F,Bryant,NEC,32,1152,225,390,225,390,0,0,145,236,85,177,262,46,37,26,97,93,595
390,Justin Johnson\justin-johnson-7,SR,2017-18,F,Western Kentucky,CUSA,38,1314,239,464,192,351,47,113,70,123,84,276,360,48,27,28,57,69,595
391,QJ Peterson\qj-peterson-1,JR,2015-16,G,Virginia Military Institute,Southern,30,1006,189,467,106,237,83,230,134,148,49,140,189,83,42,15,82,67,595
392,Denzel Valentine\denzel-valentine-1,SR,2015-16,G,Michigan State,Big Ten,31,1022,205,444,101,210,104,234,81,95,25,208,233,241,32,7,85,52,595
393,Kori Babineaux\kori-babineaux-1,SR,2015-16,G,Jacksonville,A-Sun,32,1149,257,549,248,516,9,33,71,113,22,133,155,123,31,5,90,75,594
394,Dikembe Dixson\dikembe-dixson-1,FR,2015-16,F,Illinois-Chicago,Horizon,30,1102,192,520,151,385,41,135,169,256,43,177,220,55,35,14,124,77,594
395,Corey Walden\corey-walden-2,SR,2014-15,G,Eastern Kentucky,OVC,32,1108,198,362,147,222,51,140,147,180,27,100,127,123,99,5,71,79,594
396,Kellan Grady\kellan-grady-1,FR,2017-18,G,Davidson,A-10,33,1163,219,437,146,241,73,196,82,102,23,85,108,64,27,3,32,68,593
397,Javonte Green\javonte-green-1,JR,2013-14,F,Radford,Big South,35,897,212,387,200,352,12,35,157,229,81,204,285,37,68,21,56,97,593
398,Matt Mobley\matt-mobley-1,JR,2016-17,G,St. Bonaventure,A-10,32,1226,176,419,90,192,86,227,155,180,16,171,187,82,50,10,74,78,593
399,Keon Moore\keon-moore-1,SR,2014-15,G,Winthrop,Big South,32,1058,188,424,87,190,101,234,116,135,25,141,166,56,44,8,59,62,593
400,Dewayne Russell\dewayne-russell-1,SR,2016-17,G,Grand Canyon,WAC,28,1072,197,492,145,361,52,131,147,194,13,92,105,151,41,4,75,60,593
401,Sidney Sanders\sidney-sanders-1,SR,2013-14,G,Fairleigh Dickinson,NEC,31,1041,202,486,171,397,31,89,158,210,32,85,117,181,67,0,78,84,593
402,Ahmad Thomas\ahmad-thomas-1,JR,2016-17,G,North Carolina-Asheville,Big South,33,1088,243,447,206,366,37,81,70,123,46,172,218,77,99,15,69,85,593
403,Ryan Boatright\ryan-boatright-1,SR,2014-15,G,Connecticut,AAC,34,1216,182,430,96,221,86,209,142,167,15,124,139,129,46,8,81,64,592
404,Bakari Copeland\bakari-copeland-1,SR,2016-17,F,Maryland-Eastern Shore,MEAC,34,1028,194,417,154,322,40,95,164,213,39,169,208,56,19,7,78,85,592
405,Olivier Hanlan\olivier-hanlan-1,SO,2013-14,G,Boston College,ACC,32,1160,173,387,112,211,61,176,185,228,12,98,110,93,25,2,78,82,592
406,Justin James\justin-james-2,SO,2016-17,G,Wyoming,MWC,37,974,198,429,149,312,49,117,147,193,43,141,184,80,29,20,92,95,592
407,Vasa Pusica\vasa-pusica-1,JR,2017-18,G,Northeastern,CAA,33,1132,189,375,113,197,76,178,138,171,9,111,120,168,36,4,113,74,592
408,Cleanthony Early\cleanthony-early-1,SR,2013-14,F,Wichita State,MVC,36,986,187,386,121,209,66,177,151,179,48,165,213,27,29,28,70,83,591
409,Trey Freeman\trey-freeman-2,JR,2014-15,G,Old Dominion,CUSA,35,1131,221,502,174,370,47,132,102,140,20,132,152,125,46,4,59,54,591
410,Gabe Levin\gabe-levin-1,SR,2017-18,F,Long Beach State,Big West,32,991,194,426,171,365,23,61,180,221,68,164,232,52,32,22,93,85,591
411,Maodo Lo\maodo-lo-1,SR,2015-16,G,Columbia,Ivy,35,1144,212,467,116,210,96,257,71,101,27,108,135,100,78,14,75,73,591
412,Norman Powell\norman-powell-1,SR,2014-15,G,UCLA,Pac-12,36,1244,213,467,175,348,38,119,127,169,21,148,169,75,66,16,80,91,591
413,David Walker\david-walker-3,SR,2015-16,G,Northeastern,CAA,33,1263,179,399,82,164,97,235,136,157,19,108,127,131,47,12,62,30,591
414,Barry Brown\barry-brown-1,JR,2017-18,G,Kansas State,Big 12,37,1285,203,453,161,321,42,132,142,184,22,94,116,120,67,5,95,81,590
415,Ethan Happ\ethan-happ-1,JR,2017-18,F,Wisconsin,Big Ten,33,1017,242,458,241,447,1,11,105,191,78,187,265,122,49,35,93,87,590
416,Stuckey Mosley\stuckey-mosley-1,JR,2017-18,G,James Madison,CAA,32,1140,199,482,114,251,85,231,107,127,24,119,143,68,46,7,63,80,590
417,Josh Robinson\josh-robinson-3,JR,2016-17,G,Austin Peay,OVC,29,1062,187,426,116,232,71,194,145,176,10,76,86,101,28,4,74,55,590
418,Brad Waldow\brad-waldow-1,SR,2014-15,F,Saint Mary's (CA),WCC,31,1068,235,421,235,421,0,0,120,182,90,193,283,69,16,23,66,73,590
419,Elijah Minnie\elijah-minnie-1,JR,2017-18,F,Eastern Michigan,MAC,35,1098,210,464,132,233,78,231,91,108,49,165,214,39,63,66,81,68,589
420,Johnathan Motley\johnathan-motley-1,JR,2016-17,F,Baylor,Big 12,34,1036,226,434,217,401,9,33,128,183,126,209,335,79,12,37,100,104,589
421,QJ Peterson\qj-peterson-1,SR,2016-17,G,Virginia Military Institute,Southern,30,951,200,464,122,252,78,212,111,156,51,143,194,73,47,2,77,61,589
422,Rashawn Rembert\rashawn-rembert-1,JR,2013-14,G,East Tennessee State,A-Sun,35,1262,182,405,74,151,108,254,117,139,29,78,107,61,43,12,54,49,589
423,Victor Sanders\victor-sanders-1,SR,2017-18,G,Idaho,Big Sky,31,953,182,398,101,189,81,209,144,185,18,89,107,102,32,15,97,78,589
424,Derrick Walton\derrick-walton-1,SR,2016-17,G,Michigan,Big Ten,38,1323,171,392,73,160,98,232,149,170,17,165,182,189,43,1,66,65,589
425,Jon Davis\jon-davis-1,SO,2016-17,G,Charlotte,CUSA,30,1056,196,407,147,278,49,129,147,188,9,94,103,126,33,8,94,48,588
426,Daniel Mullings\daniel-mullings-1,JR,2013-14,G,New Mexico State,WAC,35,1173,201,431,183,366,18,65,168,231,50,123,173,123,65,16,90,87,588
427,Justin Black\justin-black-1,SR,2013-14,G,Morgan State,MEAC,31,1052,200,442,148,265,52,177,135,225,54,105,159,87,56,2,98,91,587
428,James Daniel\james-daniel-1,FR,2013-14,G,Howard,MEAC,28,891,155,421,64,190,91,231,186,233,15,54,69,44,37,1,93,64,587
429,Tramaine Isabell\tramaine-isabell-1,JR,2017-18,G,Drexel,CAA,28,963,202,426,152,279,50,147,133,174,30,180,210,96,34,0,80,52,587
430,ShawnDre' Jones\shawndre-jones-1,SR,2016-17,G,Richmond,A-10,35,1269,198,428,129,252,69,176,122,149,12,61,73,136,32,1,68,76,587
431,Zach Lofton\zach-lofton-1,JR,2016-17,G,Texas Southern,SWAC,35,1140,185,440,152,312,33,128,184,234,30,105,135,86,47,10,81,99,587
432,Daryl Macon\daryl-macon-1,SR,2017-18,G,Arkansas,SEC,35,1082,174,389,89,187,85,202,154,176,13,88,101,138,36,2,63,62,587
433,Jalen Riley\jalen-riley-1,SR,2014-15,G,East Tennessee State,Southern,29,798,165,426,85,212,80,214,177,214,12,54,66,77,49,2,82,95,587
434,Isiah Umipig\isiah-umipig-1,JR,2013-14,G,Seattle,WAC,30,993,185,475,79,188,106,287,111,134,19,63,82,107,32,1,98,78,587
435,C.J. Wilcox\cj-wilcox-1,SR,2013-14,G,Washington,Pac-12,32,1116,197,435,107,205,90,230,103,118,22,97,119,81,32,32,54,75,587
436,Frank Bartley\frank-bartley-1,SR,2017-18,G,Louisiana,Sun Belt,33,1014,179,413,92,186,87,227,141,164,21,97,118,65,45,3,63,65,586
437,T.J. Cline\tj-cline-1,JR,2015-16,F,Richmond,A-10,32,961,227,407,183,288,44,119,88,137,38,129,167,122,21,3,72,87,586
438,Gary Harris\gary-harris-1,SO,2013-14,G,Michigan State,Big Ten,35,1131,195,455,114,225,81,230,115,142,37,103,140,94,63,15,60,73,586
439,Corey Hawkins\corey-hawkins-1,SR,2014-15,G,UC-Davis,Big West,28,934,188,374,107,208,81,166,129,157,19,119,138,94,39,6,84,53,586
440,Ray Lee\ray-lee-2,SO,2014-15,G,Eastern Michigan,MAC,35,981,190,429,120,235,70,194,136,171,25,42,67,54,50,7,101,78,586
441,Nick Emery\nick-emery-1,FR,2015-16,G,Brigham Young,WCC,36,1132,203,478,106,225,97,253,82,96,18,108,126,91,52,4,53,100,585
442,Erik McCree\erik-mccree-1,SR,2016-17,F,Louisiana Tech,CUSA,33,1046,202,424,148,275,54,149,127,165,53,242,295,44,15,15,84,53,585
443,Jaron Blossomgame\jaron-blossomgame-1,SR,2016-17,F,Clemson,ACC,33,1133,220,441,196,347,24,94,120,168,59,148,207,51,27,30,56,53,584
444,Markel Brown\markel-brown-1,SR,2013-14,G,Oklahoma State,Big 12,34,1201,190,402,135,257,55,145,149,194,36,143,179,99,34,35,55,86,584
445,Hayden Dalton\hayden-dalton-1,SR,2017-18,F,Wyoming,MWC,33,1098,190,415,105,204,85,211,119,142,46,213,259,86,31,16,82,90,584
446,Juwan Howard\juwan-howard--1,JR,2013-14,F,Detroit Mercy,Horizon,32,1105,216,515,163,361,53,154,99,118,57,113,170,71,31,15,62,75,584
447,Nick Perkins\nick-perkins-2,JR,2017-18,F,Buffalo,MAC,36,990,211,445,175,332,36,113,126,172,80,137,217,28,11,23,72,85,584
448,Ahmaad Rorie\ahmaad-rorie-1,JR,2017-18,G,Montana,Big Sky,34,1218,206,488,147,314,59,174,113,133,32,101,133,125,42,5,67,64,584
449,Alec Wintering\alec-wintering-1,JR,2015-16,G,Portland,WCC,32,1010,182,410,139,302,43,108,177,227,18,88,106,158,49,1,102,87,584
450,Fred Sims Jr.\fred-simsjr-1,SO,2016-17,G,Chicago State,WAC,31,1069,210,582,139,356,71,226,92,114,22,122,144,45,32,9,69,51,583
451,Jamel Artis\jamel-artis-1,SR,2016-17,F,Pittsburgh,ACC,32,1097,196,413,122,224,74,189,116,158,40,116,156,106,13,9,83,61,582
452,Miles Bridges\miles-bridges-1,SO,2017-18,G,Michigan State,Big Ten,34,1067,209,457,138,262,71,195,93,109,43,194,237,92,21,26,67,53,582
453,Elijah Brown\elijah-brown-1,JR,2016-17,G,New Mexico,MWC,31,1000,166,438,98,232,68,206,182,220,13,148,161,95,41,4,95,63,582
454,Johnny Dee\johnny-dee-2,JR,2013-14,G,San Diego,WCC,35,1136,184,425,90,200,94,225,120,127,9,88,97,49,38,0,47,57,582
455,Tra Holder\tra-holder-1,SR,2017-18,G,Arizona State,Pac-12,32,1124,177,435,108,248,69,187,159,190,30,104,134,110,42,1,78,64,582
456,Wesley Person\wesley-person-2,SR,2017-18,G,Troy,Sun Belt,33,1123,174,416,77,160,97,256,137,167,21,75,96,59,24,1,61,63,582
457,Rashad Whack\rashad-whack-1,SR,2013-14,G,Mount St. Mary's,NEC,33,1098,182,437,99,210,83,227,135,171,30,113,143,43,54,13,70,77,582
458,Evan Bradds\evan-bradds-1,SR,2016-17,F,Belmont,OVC,29,925,233,374,229,365,4,9,111,148,56,189,245,68,13,6,83,74,581
459,Tanner Leissner\tanner-leissner-1,SR,2017-18,F,New Hampshire,AEC,31,1111,195,432,157,317,38,115,153,199,81,133,214,62,15,10,50,65,581
460,Brynton Lemar\brynton-lemar-1,SR,2016-17,G,UC-Davis,Big West,36,1189,179,432,99,224,80,208,143,185,22,98,120,95,28,4,64,74,581
461,Jaron Blossomgame\jaron-blossomgame-1,JR,2015-16,F,Clemson,ACC,31,1060,201,392,156,291,45,101,133,170,55,152,207,47,23,41,55,63,580
462,Demetrius Dyson\demetrius-dyson-1,JR,2016-17,G,Samford,Southern,36,1110,195,394,109,207,86,187,104,143,36,136,172,40,24,6,79,85,580
463,Juan'ya Green\juanya-green-1,JR,2014-15,G,Hofstra,CAA,34,1238,158,414,97,232,61,182,203,246,18,128,146,220,48,9,86,73,580
464,Retin Obasohan\retin-obasohan-1,SR,2015-16,G,Alabama,SEC,33,1067,193,410,145,281,48,129,146,209,19,107,126,87,45,10,82,83,580
465,Adrian Rodgers\adrian-rogers-2,SR,2015-16,G,Southern,SWAC,35,1131,201,492,121,274,80,218,98,124,35,153,188,47,37,4,58,62,580
466,Dennis Smith Jr.\dennis-smithjr-1,FR,2016-17,G,North Carolina State,ACC,32,1114,191,420,136,267,55,153,143,200,26,120,146,197,62,14,108,67,580
467,D'Vauntes Smith-Rivera\dvauntes-smith-rivera-1,SO,2013-14,G,Georgetown,Big East,33,1172,178,400,112,232,66,168,158,181,43,121,164,90,41,5,57,64,580
468,Justin Wright-Foreman\justin-wright-foreman-1,SO,2016-17,G,Hofstra,CAA,32,905,208,422,141,242,67,180,97,127,21,93,114,52,24,2,45,59,580
469,Mike Brown\mike-brown-5,SR,2015-16,G,Western Carolina,Southern,34,1167,188,466,144,328,44,138,159,198,75,125,200,110,52,12,108,114,579
470,Frank Eaves\frank-eaves-1,SR,2015-16,G,Appalachian State,Sun Belt,31,965,170,446,87,230,83,216,156,191,20,96,116,68,26,1,70,71,579
471,Markelle Fultz\markelle-fultz-1,FR,2016-17,G,Washington,Pac-12,25,892,209,439,157,313,52,126,109,168,33,110,143,148,40,30,80,63,579
472,Justin Moss\justin-moss--1,JR,2014-15,F,Buffalo,MAC,33,991,203,390,203,386,0,4,173,237,91,211,302,21,32,25,73,98,579
473,Terran Petteway\terran-petteway-1,JR,2013-14,G,Nebraska,Big Ten,32,1014,182,427,134,280,48,147,167,204,29,126,155,52,29,24,88,102,579
474,Shawn Prudhomme\shawn-prudhomme-1,SR,2016-17,F,Southern,SWAC,33,1103,212,482,137,276,75,206,80,112,45,149,194,44,35,33,65,88,579
475,Kendrick Ray\kendrick-ray-1,JR,2015-16,G,Kennesaw State,A-Sun,31,1059,214,441,173,327,41,114,110,154,44,130,174,85,44,7,76,95,579
476,Jordan Sibert\jordan-sibert-1,SR,2014-15,G,Dayton,A-10,36,1215,177,388,97,159,80,229,145,184,8,110,118,71,62,5,65,73,579
477,Yonel Brown\yonel-brown-1,SR,2015-16,G,Kennesaw State,A-Sun,31,1203,198,478,119,261,79,217,103,130,22,83,105,76,35,0,79,61,578
478,Semaj Christon\semaj-christon-1,SO,2013-14,G,Xavier,Big East,34,1200,201,420,182,371,19,49,157,235,15,76,91,142,45,8,89,72,578
479,Tyler Hall\tyler-hall-2,FR,2015-16,G,Montana State,Big Sky,31,993,202,442,106,219,96,223,78,90,26,137,163,51,28,8,56,68,578
480,Reggie Johnson\reggie-johnson-3,SR,2015-16,G,Hampton,MEAC,32,1153,192,519,138,334,54,185,140,194,39,77,116,129,53,3,90,96,578
481,Damion Lee\damion-lee-1,JR,2014-15,G,Drexel,CAA,27,1029,170,388,105,219,65,169,173,195,24,141,165,63,41,9,50,60,578
482,Damon Lynn\damon-lynn-1,SO,2014-15,G,NJIT,Ind,33,1203,182,499,56,149,126,350,88,114,15,83,98,123,58,2,92,67,578
483,Tyler Stone\tyler-stone-1,SR,2013-14,F,Southeast Missouri State,OVC,30,1005,223,410,200,342,23,68,109,153,73,211,284,58,29,46,51,83,578
484,Sean Armand\sean-armand-1,SR,2013-14,G,Iona,MAAC,33,1184,190,391,94,174,96,217,101,128,28,78,106,135,39,9,80,93,577
485,Michael Bryson\michael-bryson-1,SR,2015-16,G,UC-Santa Barbara,Big West,32,1080,202,422,130,234,72,188,101,123,51,154,205,78,26,19,81,75,577
486,D'Angelo Harrison\dangelo-harrison-1,SR,2014-15,G,St. John's (NY),Big East,33,1150,178,429,112,250,66,179,155,194,38,143,181,64,37,14,55,114,577
487,Martez Harrison\martez-harrison-1,SO,2014-15,G,Missouri-Kansas City,WAC,33,1057,176,448,129,280,47,168,178,238,19,60,79,129,60,0,86,89,577
488,Rodney Pryor\rodney-pryor-1,SR,2016-17,G,Georgetown,Big East,32,1044,212,442,128,238,84,204,69,94,33,127,160,41,25,22,55,73,577
489,Kevin Punter\kevin-punter-1,SR,2015-16,G,Tennessee,SEC,26,886,177,385,119,228,58,157,165,202,5,84,89,91,36,6,66,73,577
490,Dyami Starks\dyami-starks-1,SR,2014-15,G,Bryant,NEC,31,1183,187,496,89,210,98,286,105,115,16,89,105,47,27,7,66,60,577
491,Isiah Umipig\isiah-umipig-1,SR,2014-15,G,Seattle,WAC,34,1155,178,440,55,146,123,294,98,116,12,95,107,98,45,0,73,73,577
492,Thomas Wilder\thomas-wilder-1,SO,2015-16,G,Western Michigan,MAC,32,1018,172,405,127,290,45,115,188,238,21,113,134,98,52,4,66,85,577
493,Jeffrey Carroll\jeffrey-carroll-2,JR,2016-17,G,Oklahoma State,Big 12,33,960,198,369,139,236,59,133,121,150,64,153,217,40,29,5,52,64,576
494,Daniel Dixon\daniel-dixon-1,SR,2016-17,G,William & Mary,CAA,30,884,188,390,115,197,73,193,127,146,26,115,141,75,22,9,67,83,576
495,D'Angelo Harrison\dangelo-harrison-1,JR,2013-14,G,St. John's (NY),Big East,33,1086,169,443,105,270,64,173,174,202,29,132,161,62,32,16,48,83,576
496,Juwan Howard\juwan-howard--1,SR,2014-15,F,Detroit Mercy,Horizon,33,1042,208,479,144,322,64,157,96,113,35,100,135,78,31,10,69,67,576
497,Kevin Knox\kevin-knox-1,FR,2017-18,F,Kentucky,SEC,37,1198,196,440,139,273,57,167,127,164,33,167,200,53,31,10,85,82,576
498,Jock Landale\jock-landale-1,JR,2016-17,C,Saint Mary's (CA),WCC,34,962,229,375,225,357,4,18,114,158,103,219,322,58,10,41,72,87,576
499,Lauri Markkanen\lauri-markkanen-1,FR,2016-17,F,Arizona,Pac-12,37,1140,185,376,116,213,69,163,137,164,88,178,266,32,15,19,40,73,576
500,Marquise Moore\marquise-moore-1,SR,2016-17,G,George Mason,A-10,34,1188,202,418,192,385,10,33,162,231,58,311,369,119,32,26,95,69,576